Customer_ID,Date,Invoice,Revenue,Recency,Frequency,Monetary,Total_Items,First_Purchase,Transaction_Count,Product_Variety,Country,Tenure_Days,Avg_Order_Value,Purchase_Frequency,Customer_Value_Score,R_Score,F_Score,M_Score,RFM_Score,RFM_Score_Numeric,RFM_Segment,ML_Cluster,Predicted_CLV,Is_Churned,Churn_Probability,Churn_Risk
12362.0,2009-12-01,1,130.0,1,1,130.0,1,2009-12-01,1,1,BELGIUM,1,130.0,15.0,130.0,3,1,1,311,5,Promising,1,128.18680000000006,1,0.9999667534416591,High
12435.0,2009-12-02,1,1008.0,0,1,1008.0,480,2009-12-02,1,1,DENMARK,0,1008.0,30.0,1008.0,5,1,5,515,11,Loyal Customers,2,1025.1602,0,9.04584017352823e-06,Low
12490.0,2009-12-01,1,603.94,1,1,603.94,442,2009-12-01,21,21,FRANCE,1,603.94,15.0,603.94,3,1,4,314,8,New Customers,1,612.9542000000006,0,9.04584017352823e-06,Low
12533.0,2009-12-01,1,929.9200000000001,1,1,929.9200000000001,484,2009-12-01,44,44,GERMANY,1,929.9200000000001,15.0,929.9200000000001,3,1,5,315,9,Potential Loyalists,1,924.138699999999,0,9.04584017352823e-06,Low
12636.0,2009-12-01,1,141.0,1,1,141.0,1,2009-12-01,1,1,USA,1,141.0,15.0,141.0,3,1,1,311,5,Promising,1,139.60770000000005,1,0.9999667534416591,High
12682.0,2009-12-01,1,426.3,1,1,426.3,219,2009-12-01,19,19,FRANCE,1,426.3,15.0,426.3,3,1,4,314,8,New Customers,1,424.28160000000025,0,9.04584017352823e-06,Low
12758.0,2009-12-01,1,2454.68,1,1,2454.68,1403,2009-12-01,79,79,PORTUGAL,1,2454.68,15.0,2454.68,3,1,5,315,9,Potential Loyalists,4,2569.9411999999966,0,9.04584017352823e-06,Low
12836.0,2009-12-01,1,423.87,1,1,423.87,95,2009-12-01,30,29,UNITED KINGDOM,1,423.87,15.0,423.87,3,1,4,314,8,New Customers,1,421.3373000000003,0,9.04584017352823e-06,Low
12842.0,2009-12-02,1,397.20000000000005,0,1,397.20000000000005,168,2009-12-02,3,3,UNITED KINGDOM,0,397.20000000000005,30.0,397.20000000000005,5,1,4,514,10,Potential Loyalists,2,398.41360000000003,0,9.04584017352823e-06,Low
12913.0,2009-12-01,1,537.96,1,1,537.96,188,2009-12-01,5,5,UNITED KINGDOM,1,537.96,15.0,537.96,3,1,4,314,8,New Customers,1,544.0858999999996,0,9.04584017352823e-06,Low
12921.0,2009-12-01,1,261.0,1,1,261.0,276,2009-12-01,8,8,UNITED KINGDOM,1,261.0,15.0,261.0,3,1,2,312,6,Promising,1,261.1855999999999,0,9.04584017352823e-06,Low
12931.0,2009-12-01,1,1160.0,1,1,1160.0,800,2009-12-01,1,1,UNITED KINGDOM,1,1160.0,15.0,1160.0,3,1,5,315,9,Potential Loyalists,1,1153.0575000000003,0,9.04584017352823e-06,Low
12948.0,2009-12-02,1,128.48,0,1,128.48,144,2009-12-02,6,6,UNITED KINGDOM,0,128.48,30.0,128.48,5,1,1,511,7,New Customers,2,128.6315000000001,1,0.9999667534416591,High
12980.0,2009-12-02,1,754.2,0,1,754.2,84,2009-12-02,3,3,UNITED KINGDOM,0,754.2,30.0,754.2,5,1,5,515,11,Loyal Customers,2,790.163099999999,0,9.04584017352823e-06,Low
13078.0,2009-12-01,1,630.33,1,1,630.33,193,2009-12-01,19,19,UNITED KINGDOM,1,630.33,15.0,630.33,3,1,4,314,8,New Customers,1,636.886900000001,0,9.04584017352823e-06,Low
13085.0,2009-12-01,2,651.1,1,2,651.1,226,2009-12-01,12,12,UNITED KINGDOM,1,325.55,30.0,1302.2,3,5,5,355,13,Champions,0,352.01930000000027,0,9.04584017352823e-06,Low
13097.0,2009-12-01,1,551.33,1,1,551.33,313,2009-12-01,65,63,UNITED KINGDOM,1,551.33,15.0,551.33,3,1,4,314,8,New Customers,1,540.5905999999997,0,9.04584017352823e-06,Low
13110.0,2009-12-01,1,362.78000000000003,1,1,362.78000000000003,87,2009-12-01,27,27,UNITED KINGDOM,1,362.78000000000003,15.0,362.78000000000003,3,1,3,313,7,New Customers,1,364.6410999999996,0,9.04584017352823e-06,Low
13269.0,2009-12-02,2,202.84,0,2,202.84,200,2009-12-02,11,11,UNITED KINGDOM,0,101.42,60.0,405.68,5,5,2,552,12,Loyal Customers,5,177.13600000000005,0,9.04584017352823e-06,Low
13381.0,2009-12-01,1,17.4,1,1,17.4,12,2009-12-01,1,1,UNITED KINGDOM,1,17.4,15.0,17.4,3,1,1,311,5,Promising,1,15.097200000000004,1,0.9999667534416591,High
13394.0,2009-12-01,1,304.53,1,1,304.53,353,2009-12-01,20,20,UNITED KINGDOM,1,304.53,15.0,304.53,3,1,3,313,7,New Customers,1,305.9655999999997,0,9.04584017352823e-06,Low
13442.0,2009-12-01,1,198.0,1,1,198.0,42,2009-12-01,16,16,UNITED KINGDOM,1,198.0,15.0,198.0,3,1,2,312,6,Promising,1,202.8905,0,9.04584017352823e-06,Low
13457.0,2009-12-02,1,112.5,0,1,112.5,68,2009-12-02,6,6,UNITED KINGDOM,0,112.5,30.0,112.5,5,1,1,511,7,New Customers,2,113.02640000000002,1,0.9999667534416591,High
13526.0,2009-12-01,2,1182.0,1,2,1182.0,1911,2009-12-01,44,29,UNITED KINGDOM,1,591.0,30.0,2364.0,3,5,5,355,13,Champions,0,1129.2635,0,9.04584017352823e-06,Low
13564.0,2009-12-02,1,119.16,0,1,119.16,38,2009-12-02,17,17,UNITED KINGDOM,0,119.16,30.0,119.16,5,1,1,511,7,New Customers,2,116.84949999999999,1,0.9999667534416591,High
13585.0,2009-12-01,1,12.75,1,1,12.75,1,2009-12-01,1,1,UNITED KINGDOM,1,12.75,15.0,12.75,3,1,1,311,5,Promising,1,10.501600000000003,1,0.9999667534416591,High
13590.0,2009-12-01,1,367.28000000000003,1,1,367.28000000000003,300,2009-12-01,22,22,UNITED KINGDOM,1,367.28000000000003,15.0,367.28000000000003,3,1,3,313,7,New Customers,1,366.94269999999966,0,9.04584017352823e-06,Low
13599.0,2009-12-01,1,641.45,1,1,641.45,595,2009-12-01,22,22,UNITED KINGDOM,1,641.45,15.0,641.45,3,1,5,315,9,Potential Loyalists,1,649.9622999999995,0,9.04584017352823e-06,Low
13623.0,2009-12-02,1,637.04,0,1,637.04,242,2009-12-02,69,62,UNITED KINGDOM,0,637.04,30.0,637.04,5,1,4,514,10,Potential Loyalists,2,638.4847000000008,0,9.04584017352823e-06,Low
13635.0,2009-12-01,1,382.37,1,1,382.37,275,2009-12-01,23,23,UNITED KINGDOM,1,382.37,15.0,382.37,3,1,4,314,8,New Customers,1,376.3214000000002,0,9.04584017352823e-06,Low
13648.0,2009-12-01,1,263.09000000000003,1,1,263.09000000000003,203,2009-12-01,15,15,UNITED KINGDOM,1,263.09000000000003,15.0,263.09000000000003,3,1,2,312,6,Promising,1,261.64739999999966,0,9.04584017352823e-06,Low
13654.0,2009-12-02,1,159.98000000000002,0,1,159.98000000000002,90,2009-12-02,8,8,UNITED KINGDOM,0,159.98000000000002,30.0,159.98000000000002,5,1,2,512,8,New Customers,2,171.96770000000006,0,9.04584017352823e-06,Low
13740.0,2009-12-02,1,311.69,0,1,311.69,97,2009-12-02,20,19,UNITED KINGDOM,0,311.69,30.0,311.69,5,1,3,513,9,Potential Loyalists,2,311.1149999999997,0,9.04584017352823e-06,Low
13748.0,2009-12-01,1,173.1,1,1,173.1,90,2009-12-01,7,7,UNITED KINGDOM,1,173.1,15.0,173.1,2,1,2,212,5,Promising,1,174.5907000000001,0,9.04584017352823e-06,Low
13758.0,2009-12-01,1,996.1,1,1,996.1,382,2009-12-01,27,27,UNITED KINGDOM,1,996.1,15.0,996.1,2,1,5,215,8,New Customers,1,994.4368000000002,0,9.04584017352823e-06,Low
13767.0,2009-12-01,1,1197.8000000000002,1,1,1197.8000000000002,408,2009-12-01,19,19,UNITED KINGDOM,1,1197.8000000000002,15.0,1197.8000000000002,2,1,5,215,8,New Customers,1,1266.7681000000014,0,9.04584017352823e-06,Low
13777.0,2009-12-02,2,6150.0199999999995,0,2,6150.0199999999995,2770,2009-12-02,27,23,UNITED KINGDOM,0,3075.0099999999998,60.0,12300.039999999999,5,5,5,555,15,Champions,3,5148.383600000005,0,9.04584017352823e-06,Low
13819.0,2009-12-01,1,622.1,1,1,622.1,462,2009-12-01,30,30,UNITED KINGDOM,1,622.1,15.0,622.1,2,2,4,224,8,New Customers,1,623.8653999999995,0,9.04584017352823e-06,Low
14000.0,2009-12-02,1,192.0,0,1,192.0,48,2009-12-02,2,2,UNITED KINGDOM,0,192.0,30.0,192.0,5,2,2,522,9,Potential Loyalists,2,193.21239999999997,0,9.04584017352823e-06,Low
14040.0,2009-12-01,1,633.33,1,1,633.33,250,2009-12-01,59,58,UNITED KINGDOM,1,633.33,15.0,633.33,2,2,4,224,8,New Customers,1,637.0891000000009,0,9.04584017352823e-06,Low
14061.0,2009-12-01,1,374.43,1,1,374.43,57,2009-12-01,11,11,UNITED KINGDOM,1,374.43,15.0,374.43,2,2,3,223,7,New Customers,1,374.4410000000004,0,9.04584017352823e-06,Low
14106.0,2009-12-02,1,214.8,0,1,214.8,24,2009-12-02,1,1,UNITED KINGDOM,0,214.8,30.0,214.8,5,2,2,522,9,Potential Loyalists,2,219.04489999999973,0,9.04584017352823e-06,Low
14108.0,2009-12-01,1,252.3,1,1,252.3,118,2009-12-01,10,10,UNITED KINGDOM,1,252.3,15.0,252.3,2,2,2,222,6,Promising,1,252.61399999999972,0,9.04584017352823e-06,Low
14110.0,2009-12-01,1,285.06,1,1,285.06,120,2009-12-01,7,7,UNITED KINGDOM,1,285.06,15.0,285.06,2,2,3,223,7,New Customers,1,285.0597000000003,0,9.04584017352823e-06,Low
14122.0,2009-12-02,1,89.69999999999999,0,1,89.69999999999999,6,2009-12-02,1,1,UNITED KINGDOM,0,89.69999999999999,30.0,89.69999999999999,5,2,1,521,8,New Customers,2,86.85499999999993,1,0.9999667534416591,High
14135.0,2009-12-02,1,740.3,0,1,740.3,966,2009-12-02,8,8,UNITED KINGDOM,0,740.3,30.0,740.3,5,2,5,525,12,Loyal Customers,2,755.6277000000002,0,9.04584017352823e-06,Low
14156.0,2009-12-01,2,1066.8,1,2,1066.8,444,2009-12-01,56,56,EIRE,1,533.4,30.0,2133.6,2,5,5,255,12,Loyal Customers,0,1043.8365000000003,0,9.04584017352823e-06,Low
14204.0,2009-12-02,1,371.27000000000004,0,1,371.27000000000004,103,2009-12-02,54,54,UNITED KINGDOM,0,371.27000000000004,30.0,371.27000000000004,5,2,3,523,10,Potential Loyalists,2,371.94759999999997,0,9.04584017352823e-06,Low
14299.0,2009-12-02,1,2052.12,0,1,2052.12,1339,2009-12-02,26,26,UNITED KINGDOM,0,2052.12,30.0,2052.12,5,2,5,525,12,Loyal Customers,4,2471.533599999999,0,9.04584017352823e-06,Low
14302.0,2009-12-02,1,114.60000000000001,0,1,114.60000000000001,28,2009-12-02,2,2,UNITED KINGDOM,0,114.60000000000001,30.0,114.60000000000001,5,2,1,521,8,New Customers,2,113.57710000000014,1,0.9999667534416591,High
14341.0,2009-12-01,1,281.82,1,1,281.82,226,2009-12-01,14,14,UNITED KINGDOM,1,281.82,15.0,281.82,2,2,3,223,7,New Customers,1,282.70679999999976,0,9.04584017352823e-06,Low
14396.0,2009-12-02,1,514.97,0,1,514.97,274,2009-12-02,47,43,UNITED KINGDOM,0,514.97,30.0,514.97,5,2,4,524,11,Loyal Customers,2,533.7820000000004,0,9.04584017352823e-06,Low
14425.0,2009-12-02,1,223.1,0,1,223.1,82,2009-12-02,14,14,UNITED KINGDOM,0,223.1,30.0,223.1,5,2,2,522,9,Potential Loyalists,2,221.71049999999988,0,9.04584017352823e-06,Low
14440.0,2009-12-02,1,935.01,0,1,935.01,287,2009-12-02,13,13,UNITED KINGDOM,0,935.01,30.0,935.01,5,2,5,525,12,Loyal Customers,2,948.318799999999,0,9.04584017352823e-06,Low
14467.0,2009-12-02,1,109.84,0,1,109.84,82,2009-12-02,17,17,UNITED KINGDOM,0,109.84,30.0,109.84,5,2,1,521,8,New Customers,2,111.70430000000009,1,0.9999667534416591,High
14478.0,2009-12-01,1,282.28,1,1,282.28,312,2009-12-01,18,18,UNITED KINGDOM,1,282.28,15.0,282.28,2,2,3,223,7,New Customers,1,282.97299999999973,0,9.04584017352823e-06,Low
14527.0,2009-12-02,1,923.79,0,1,923.79,165,2009-12-02,58,58,UNITED KINGDOM,0,923.79,30.0,923.79,5,2,5,525,12,Loyal Customers,2,909.078199999999,0,9.04584017352823e-06,Low
14543.0,2009-12-01,1,293.95,1,1,293.95,125,2009-12-01,9,9,UNITED KINGDOM,1,293.95,15.0,293.95,2,2,3,223,7,New Customers,1,294.23930000000047,0,9.04584017352823e-06,Low
14549.0,2009-12-02,1,316.22,0,1,316.22,122,2009-12-02,55,54,UNITED KINGDOM,0,316.22,30.0,316.22,5,2,3,523,10,Potential Loyalists,2,316.8594000000004,0,9.04584017352823e-06,Low
14560.0,2009-12-02,1,266.59999999999997,0,1,266.59999999999997,116,2009-12-02,9,9,UNITED KINGDOM,0,266.59999999999997,30.0,266.59999999999997,5,2,2,522,9,Potential Loyalists,2,265.24449999999956,0,9.04584017352823e-06,Low
14653.0,2009-12-02,1,333.67,0,1,333.67,250,2009-12-02,20,19,UNITED KINGDOM,0,333.67,30.0,333.67,5,2,3,523,10,Potential Loyalists,2,333.6522000000001,0,9.04584017352823e-06,Low
14654.0,2009-12-01,1,246.86,1,1,246.86,273,2009-12-01,27,27,UNITED KINGDOM,1,246.86,15.0,246.86,2,2,2,222,6,Promising,1,248.4364000000001,0,9.04584017352823e-06,Low
14667.0,2009-12-02,1,251.17,0,1,251.17,185,2009-12-02,16,15,UNITED KINGDOM,0,251.17,30.0,251.17,5,2,2,522,9,Potential Loyalists,2,251.5387999999995,0,9.04584017352823e-06,Low
14669.0,2009-12-02,1,824.1800000000001,0,1,824.1800000000001,506,2009-12-02,89,84,UNITED KINGDOM,0,824.1800000000001,30.0,824.1800000000001,5,2,5,525,12,Loyal Customers,2,812.6871999999994,0,9.04584017352823e-06,Low
14739.0,2009-12-02,1,618.4300000000001,0,1,618.4300000000001,465,2009-12-02,13,13,UNITED KINGDOM,0,618.4300000000001,30.0,618.4300000000001,5,2,4,524,11,Loyal Customers,2,625.5813000000002,0,9.04584017352823e-06,Low
14799.0,2009-12-02,1,180.45000000000002,0,1,180.45000000000002,349,2009-12-02,10,10,UNITED KINGDOM,0,180.45000000000002,30.0,180.45000000000002,5,2,2,522,9,Potential Loyalists,2,179.7483000000002,0,9.04584017352823e-06,Low
14831.0,2009-12-02,2,833.75,0,2,833.75,455,2009-12-02,36,36,UNITED KINGDOM,0,416.875,60.0,1667.5,5,5,5,555,15,Champions,5,487.23780000000005,0,9.04584017352823e-06,Low
14865.0,2009-12-01,1,31.200000000000003,1,1,31.200000000000003,48,2009-12-01,1,1,UNITED KINGDOM,1,31.200000000000003,15.0,31.200000000000003,2,2,1,221,5,Promising,1,25.598799999999997,1,0.9999667534416591,High
14871.0,2009-12-01,1,145.0,1,1,145.0,54,2009-12-01,14,14,UNITED KINGDOM,1,145.0,15.0,145.0,2,2,1,221,5,Promising,1,144.58540000000005,1,0.9999667534416591,High
14894.0,2009-12-02,1,299.70000000000005,0,1,299.70000000000005,54,2009-12-02,3,3,UNITED KINGDOM,0,299.70000000000005,30.0,299.70000000000005,5,2,3,523,10,Potential Loyalists,2,300.17780000000033,0,9.04584017352823e-06,Low
14911.0,2009-12-01,1,733.63,1,1,733.63,293,2009-12-01,30,30,EIRE,1,733.63,15.0,733.63,2,2,5,225,9,Potential Loyalists,1,734.4400999999998,0,9.04584017352823e-06,Low
14980.0,2009-12-02,1,150.68,0,1,150.68,79,2009-12-02,24,24,UNITED KINGDOM,0,150.68,30.0,150.68,5,3,1,531,9,Potential Loyalists,2,153.2956000000001,1,0.9999667534416591,High
15005.0,2009-12-01,1,322.33,1,1,322.33,181,2009-12-01,51,46,UNITED KINGDOM,1,322.33,15.0,322.33,2,3,3,233,8,New Customers,1,321.26110000000057,0,9.04584017352823e-06,Low
15051.0,2009-12-01,1,580.02,1,1,580.02,306,2009-12-01,32,32,UNITED KINGDOM,1,580.02,15.0,580.02,2,3,4,234,9,Potential Loyalists,1,584.1832999999995,0,9.04584017352823e-06,Low
15061.0,2009-12-02,3,3988.74,0,3,3988.74,2142,2009-12-01,21,18,UNITED KINGDOM,1,1329.58,45.0,11966.22,4,5,5,455,14,Champions,3,2979.452999999997,0,9.04584017352823e-06,Low
15265.0,2009-12-01,1,294.14,1,1,294.14,146,2009-12-01,17,17,UNITED KINGDOM,1,294.14,15.0,294.14,2,3,3,233,8,New Customers,1,295.55000000000024,0,9.04584017352823e-06,Low
15287.0,2009-12-02,1,58.2,0,1,58.2,55,2009-12-02,4,4,UNITED KINGDOM,0,58.2,30.0,58.2,4,3,1,431,8,New Customers,2,58.247299999999925,1,0.9999667534416591,High
15311.0,2009-12-02,2,991.02,0,2,991.02,374,2009-12-01,34,33,UNITED KINGDOM,1,495.51,30.0,1982.04,4,5,5,455,14,Champions,0,936.2348999999998,0,9.04584017352823e-06,Low
15326.0,2009-12-01,1,307.8,1,1,307.8,150,2009-12-01,20,20,UNITED KINGDOM,1,307.8,15.0,307.8,2,3,3,233,8,New Customers,1,307.98319999999967,0,9.04584017352823e-06,Low
15353.0,2009-12-02,1,285.59000000000003,0,1,285.59000000000003,91,2009-12-02,41,38,UNITED KINGDOM,0,285.59000000000003,30.0,285.59000000000003,4,3,3,433,10,Potential Loyalists,2,284.68349999999987,0,9.04584017352823e-06,Low
15362.0,2009-12-01,1,310.75,1,1,310.75,145,2009-12-01,23,23,UNITED KINGDOM,1,310.75,15.0,310.75,2,3,3,233,8,New Customers,1,310.84569999999997,0,9.04584017352823e-06,Low
15380.0,2009-12-01,1,263.42,1,1,263.42,98,2009-12-01,6,6,UNITED KINGDOM,1,263.42,15.0,263.42,2,3,2,232,7,New Customers,1,265.23419999999965,0,9.04584017352823e-06,Low
15413.0,2009-12-01,1,570.24,1,1,570.24,192,2009-12-01,4,4,UNITED KINGDOM,1,570.24,15.0,570.24,2,3,4,234,9,Potential Loyalists,1,585.3824999999998,0,9.04584017352823e-06,Low
15485.0,2009-12-01,2,901.84,1,2,901.84,274,2009-12-01,22,22,UNITED KINGDOM,1,450.92,30.0,1803.68,2,5,5,255,12,Loyal Customers,0,735.7231999999989,0,9.04584017352823e-06,Low
15542.0,2009-12-02,2,540.73,0,2,540.73,217,2009-12-02,139,119,UNITED KINGDOM,0,270.365,60.0,1081.46,4,5,4,454,13,Champions,5,469.5720999999994,0,9.04584017352823e-06,Low
15581.0,2009-12-02,3,555.28,0,3,555.28,539,2009-12-02,99,92,UNITED KINGDOM,0,185.09333333333333,90.0,1665.84,4,5,4,454,13,Champions,5,510.84049999999957,0,9.04584017352823e-06,Low
15601.0,2009-12-01,1,2.95,1,1,2.95,1,2009-12-01,1,1,UNITED KINGDOM,1,2.95,15.0,2.95,2,3,1,231,6,Promising,1,5.018099999999997,1,0.9999667534416591,High
15602.0,2009-12-02,1,261.3,0,1,261.3,266,2009-12-02,17,17,UNITED KINGDOM,0,261.3,30.0,261.3,4,3,2,432,9,Potential Loyalists,2,261.0439999999997,0,9.04584017352823e-06,Low
15662.0,2009-12-01,1,105.85,1,1,105.85,67,2009-12-01,4,4,UNITED KINGDOM,1,105.85,15.0,105.85,2,3,1,231,6,Promising,1,107.04470000000012,1,0.9999667534416591,High
15680.0,2009-12-02,1,311.5,0,1,311.5,268,2009-12-02,19,19,UNITED KINGDOM,0,311.5,30.0,311.5,4,3,3,433,10,Potential Loyalists,2,310.8089999999999,0,9.04584017352823e-06,Low
15712.0,2009-12-01,1,255.5,1,1,255.5,64,2009-12-01,10,10,UNITED KINGDOM,1,255.5,15.0,255.5,2,3,2,232,7,New Customers,1,254.6144999999999,0,9.04584017352823e-06,Low
15719.0,2009-12-01,1,379.65,1,1,379.65,176,2009-12-01,59,56,UNITED KINGDOM,1,379.65,15.0,379.65,2,3,4,234,9,Potential Loyalists,1,376.30860000000035,0,9.04584017352823e-06,Low
15750.0,2009-12-01,1,222.12,1,1,222.12,115,2009-12-01,30,30,UNITED KINGDOM,1,222.12,15.0,222.12,2,3,2,232,7,New Customers,1,222.12419999999995,0,9.04584017352823e-06,Low
15759.0,2009-12-02,1,125.73,0,1,125.73,303,2009-12-02,4,4,UNITED KINGDOM,0,125.73,30.0,125.73,4,3,1,431,8,New Customers,2,125.72749999999982,1,0.9999667534416591,High
15793.0,2009-12-01,1,291.58000000000004,1,1,291.58000000000004,154,2009-12-01,4,4,UNITED KINGDOM,1,291.58000000000004,15.0,291.58000000000004,2,3,3,233,8,New Customers,1,292.5017000000005,0,9.04584017352823e-06,Low
15808.0,2009-12-01,1,896.5400000000001,1,1,896.5400000000001,317,2009-12-01,26,24,UNITED KINGDOM,1,896.5400000000001,15.0,896.5400000000001,2,3,5,235,10,Potential Loyalists,1,921.879699999999,0,9.04584017352823e-06,Low
15833.0,2009-12-02,1,80.4,0,1,80.4,24,2009-12-02,5,5,UNITED KINGDOM,0,80.4,30.0,80.4,4,3,1,431,8,New Customers,2,82.45389999999989,1,0.9999667534416591,High
15945.0,2009-12-01,1,124.83,1,1,124.83,137,2009-12-01,10,10,UNITED KINGDOM,1,124.83,15.0,124.83,2,3,1,231,6,Promising,1,126.0616,1,0.9999667534416591,High
15967.0,2009-12-01,1,156.71,1,1,156.71,50,2009-12-01,30,30,UNITED KINGDOM,1,156.71,15.0,156.71,1,3,1,131,5,Promising,1,161.69529999999997,1,0.9999667534416591,High
15984.0,2009-12-01,1,319.66,1,1,319.66,178,2009-12-01,17,17,UNITED KINGDOM,1,319.66,15.0,319.66,1,3,3,133,7,New Customers,1,319.7223,0,9.04584017352823e-06,Low
15998.0,2009-12-01,1,700.31,1,1,700.31,409,2009-12-01,104,104,UNITED KINGDOM,1,700.31,15.0,700.31,1,3,5,135,9,Potential Loyalists,0,730.4543000000006,0,9.04584017352823e-06,Low
16011.0,2009-12-01,1,192.75,1,1,192.75,67,2009-12-01,22,19,UNITED KINGDOM,1,192.75,15.0,192.75,1,3,2,132,6,Promising,1,194.10950000000005,0,9.04584017352823e-06,Low
16086.0,2009-12-02,1,284.55,0,1,284.55,258,2009-12-02,27,27,UNITED KINGDOM,0,284.55,30.0,284.55,4,3,3,433,10,Potential Loyalists,2,284.35319999999973,0,9.04584017352823e-06,Low
16126.0,2009-12-02,1,174.1,0,1,174.1,94,2009-12-02,10,10,UNITED KINGDOM,0,174.1,30.0,174.1,4,3,2,432,9,Potential Loyalists,2,175.84950000000003,0,9.04584017352823e-06,Low
16131.0,2009-12-02,1,1317.97,0,1,1317.97,721,2009-12-02,46,46,UNITED KINGDOM,0,1317.97,30.0,1317.97,4,3,5,435,12,Loyal Customers,4,2285.7519999999995,0,9.04584017352823e-06,Low
16163.0,2009-12-02,1,795.98,0,1,795.98,280,2009-12-02,42,42,UNITED KINGDOM,0,795.98,30.0,795.98,4,3,5,435,12,Loyal Customers,2,812.5317999999997,0,9.04584017352823e-06,Low
16167.0,2009-12-01,1,485.79,1,1,485.79,977,2009-12-01,15,15,UNITED KINGDOM,1,485.79,15.0,485.79,1,3,4,134,8,New Customers,1,490.09810000000056,0,9.04584017352823e-06,Low
16202.0,2009-12-02,1,306.95,0,1,306.95,121,2009-12-02,15,15,UNITED KINGDOM,0,306.95,30.0,306.95,4,3,3,433,10,Potential Loyalists,2,307.38820000000027,0,9.04584017352823e-06,Low
16210.0,2009-12-02,1,634.29,0,1,634.29,515,2009-12-02,9,9,UNITED KINGDOM,0,634.29,30.0,634.29,4,4,4,444,12,Loyal Customers,2,639.3831000000008,0,9.04584017352823e-06,Low
16233.0,2009-12-02,1,294.3,0,1,294.3,102,2009-12-02,14,14,UNITED KINGDOM,0,294.3,30.0,294.3,4,4,3,443,11,Loyal Customers,2,294.82710000000026,0,9.04584017352823e-06,Low
16321.0,2009-12-01,1,196.10000000000002,1,1,196.10000000000002,100,2009-12-01,9,9,AUSTRALIA,1,196.10000000000002,15.0,196.10000000000002,1,4,2,142,7,New Customers,1,196.59870000000006,0,9.04584017352823e-06,Low
16329.0,2009-12-01,1,282.46000000000004,1,1,282.46000000000004,138,2009-12-01,38,28,UNITED KINGDOM,1,282.46000000000004,15.0,282.46000000000004,1,4,3,143,8,New Customers,1,282.8568999999996,0,9.04584017352823e-06,Low
16393.0,2009-12-01,1,367.40999999999997,1,1,367.40999999999997,216,2009-12-01,130,107,UNITED KINGDOM,1,367.40999999999997,15.0,367.40999999999997,1,4,3,143,8,New Customers,0,371.5834000000002,0,9.04584017352823e-06,Low
16467.0,2009-12-02,1,131.12,0,1,131.12,88,2009-12-02,2,2,UNITED KINGDOM,0,131.12,30.0,131.12,4,4,1,441,9,Potential Loyalists,2,129.9144000000002,1,0.9999667534416591,High
16525.0,2009-12-02,1,472.47,0,1,472.47,237,2009-12-02,8,8,UNITED KINGDOM,0,472.47,30.0,472.47,4,4,4,444,12,Loyal Customers,2,481.37840000000057,0,9.04584017352823e-06,Low
16550.0,2009-12-02,1,538.77,0,1,538.77,320,2009-12-02,33,33,UNITED KINGDOM,0,538.77,30.0,538.77,4,4,4,444,12,Loyal Customers,2,537.2517999999995,0,9.04584017352823e-06,Low
16563.0,2009-12-01,1,538.46,1,1,538.46,221,2009-12-01,10,10,UNITED KINGDOM,1,538.46,15.0,538.46,1,4,4,144,9,Potential Loyalists,1,536.2814999999996,0,9.04584017352823e-06,Low
16620.0,2009-12-01,1,822.37,1,1,822.37,575,2009-12-01,50,50,UNITED KINGDOM,1,822.37,15.0,822.37,1,4,5,145,10,Potential Loyalists,1,817.6433999999999,0,9.04584017352823e-06,Low
16700.0,2009-12-02,2,418.7,0,2,418.7,242,2009-12-02,26,26,UNITED KINGDOM,0,209.35,60.0,837.4,4,5,4,454,13,Champions,5,440.5242999999999,0,9.04584017352823e-06,Low
16701.0,2009-12-01,1,378.12,1,1,378.12,198,2009-12-01,8,8,UNITED KINGDOM,1,378.12,15.0,378.12,1,4,4,144,9,Potential Loyalists,1,377.5390000000003,0,9.04584017352823e-06,Low
16711.0,2009-12-02,1,340.2,0,1,340.2,132,2009-12-02,3,3,UNITED KINGDOM,0,340.2,30.0,340.2,4,4,3,443,11,Loyal Customers,2,337.3271000000002,0,9.04584017352823e-06,Low
16763.0,2009-12-01,1,352.85,1,1,352.85,173,2009-12-01,21,21,UNITED KINGDOM,1,352.85,15.0,352.85,1,4,3,143,8,New Customers,1,354.1582999999995,0,9.04584017352823e-06,Low
16797.0,2009-12-02,1,176.88,0,1,176.88,127,2009-12-02,44,44,UNITED KINGDOM,0,176.88,30.0,176.88,4,4,2,442,10,Potential Loyalists,2,178.26009999999988,0,9.04584017352823e-06,Low
16823.0,2009-12-02,1,189.3,0,1,189.3,113,2009-12-02,20,20,UNITED KINGDOM,0,189.3,30.0,189.3,4,4,2,442,10,Potential Loyalists,2,190.31389999999985,0,9.04584017352823e-06,Low
16887.0,2009-12-01,1,219.82,1,1,219.82,177,2009-12-01,34,34,UNITED KINGDOM,1,219.82,15.0,219.82,1,4,2,142,7,New Customers,1,219.85579999999987,0,9.04584017352823e-06,Low
16987.0,2009-12-02,1,157.91,0,1,157.91,56,2009-12-02,29,28,UNITED KINGDOM,0,157.91,30.0,157.91,4,4,1,441,9,Potential Loyalists,2,162.63869999999994,1,0.9999667534416591,High
17019.0,2009-12-02,1,216.85999999999999,0,1,216.85999999999999,199,2009-12-02,44,39,UNITED KINGDOM,0,216.85999999999999,30.0,216.85999999999999,4,4,2,442,10,Potential Loyalists,2,217.71530000000013,0,9.04584017352823e-06,Low
17056.0,2009-12-01,1,128.60000000000002,1,1,128.60000000000002,26,2009-12-01,8,8,UNITED KINGDOM,1,128.60000000000002,15.0,128.60000000000002,1,4,1,141,6,Promising,1,128.80560000000014,1,0.9999667534416591,High
17063.0,2009-12-01,1,278.61,1,1,278.61,129,2009-12-01,25,25,UNITED KINGDOM,1,278.61,15.0,278.61,1,4,3,143,8,New Customers,1,280.8338000000001,0,9.04584017352823e-06,Low
17087.0,2009-12-02,1,221.53,0,1,221.53,113,2009-12-02,12,12,UNITED KINGDOM,0,221.53,30.0,221.53,4,4,2,442,10,Potential Loyalists,2,220.98829999999995,0,9.04584017352823e-06,Low
17189.0,2009-12-02,1,230.46,0,1,230.46,148,2009-12-02,22,21,UNITED KINGDOM,0,230.46,30.0,230.46,4,4,2,442,10,Potential Loyalists,2,227.95909999999955,0,9.04584017352823e-06,Low
17191.0,2009-12-01,1,261.74,1,1,261.74,97,2009-12-01,32,32,UNITED KINGDOM,1,261.74,15.0,261.74,1,4,2,142,7,New Customers,1,259.9128999999998,0,9.04584017352823e-06,Low
17193.0,2009-12-02,1,45.0,0,1,45.0,36,2009-12-02,1,1,UNITED KINGDOM,0,45.0,30.0,45.0,4,4,1,441,9,Potential Loyalists,2,48.40059999999997,1,0.9999667534416591,High
17238.0,2009-12-01,1,251.1,1,1,251.1,80,2009-12-01,30,29,UNITED KINGDOM,1,251.1,15.0,251.1,1,4,2,142,7,New Customers,1,249.42309999999998,0,9.04584017352823e-06,Low
17243.0,2009-12-01,1,535.9,1,1,535.9,157,2009-12-01,20,20,UNITED KINGDOM,1,535.9,15.0,535.9,1,4,4,144,9,Potential Loyalists,1,535.6010000000007,0,9.04584017352823e-06,Low
17246.0,2009-12-01,1,23.48,1,1,23.48,34,2009-12-01,4,4,UNITED KINGDOM,1,23.48,15.0,23.48,1,4,1,141,6,Promising,1,25.08290000000001,1,0.9999667534416591,High
17345.0,2009-12-01,1,329.90999999999997,1,1,329.90999999999997,600,2009-12-01,27,26,UNITED KINGDOM,1,329.90999999999997,15.0,329.90999999999997,1,4,3,143,8,New Customers,1,325.7786,0,9.04584017352823e-06,Low
17377.0,2009-12-02,2,1052.04,0,2,1052.04,312,2009-12-02,71,64,UNITED KINGDOM,0,526.02,60.0,2104.08,4,5,5,455,14,Champions,5,1115.2013999999988,0,9.04584017352823e-06,Low
17412.0,2009-12-02,1,445.7,0,1,445.7,382,2009-12-02,23,23,UNITED KINGDOM,0,445.7,30.0,445.7,4,4,4,444,12,Loyal Customers,2,470.7716000000003,0,9.04584017352823e-06,Low
17428.0,2009-12-01,2,1292.5,1,2,1292.5,433,2009-12-01,25,25,UNITED KINGDOM,1,646.25,30.0,2585.0,1,5,5,155,11,Loyal Customers,0,1193.6764999999998,0,9.04584017352823e-06,Low
17476.0,2009-12-02,1,260.36,0,1,260.36,124,2009-12-02,16,16,UNITED KINGDOM,0,260.36,30.0,260.36,4,4,2,442,10,Potential Loyalists,2,260.4151000000001,0,9.04584017352823e-06,Low
17511.0,2009-12-02,1,3108.64,0,1,3108.64,2020,2009-12-02,30,30,UNITED KINGDOM,0,3108.64,30.0,3108.64,3,4,5,345,12,Loyal Customers,4,3328.531200000006,0,9.04584017352823e-06,Low
17519.0,2009-12-01,1,308.44,1,1,308.44,280,2009-12-01,19,19,UNITED KINGDOM,1,308.44,15.0,308.44,1,4,3,143,8,New Customers,1,308.3603999999997,0,9.04584017352823e-06,Low
17592.0,2009-12-01,1,148.3,1,1,148.3,38,2009-12-01,13,13,UNITED KINGDOM,1,148.3,15.0,148.3,1,5,1,151,7,New Customers,1,149.53040000000007,1,0.9999667534416591,High
17606.0,2009-12-02,1,87.30000000000001,0,1,87.30000000000001,42,2009-12-02,6,6,UNITED KINGDOM,0,87.30000000000001,30.0,87.30000000000001,3,5,1,351,9,Potential Loyalists,2,86.88779999999993,1,0.9999667534416591,High
17611.0,2009-12-01,1,507.49,1,1,507.49,273,2009-12-01,83,83,UNITED KINGDOM,1,507.49,15.0,507.49,1,5,4,154,10,Potential Loyalists,1,525.8324999999999,0,9.04584017352823e-06,Low
17700.0,2009-12-01,1,696.73,1,1,696.73,247,2009-12-01,38,38,UNITED KINGDOM,1,696.73,15.0,696.73,1,5,5,155,11,Loyal Customers,1,710.9405000000005,0,9.04584017352823e-06,Low
17742.0,2009-12-01,1,218.55,1,1,218.55,35,2009-12-01,8,8,UNITED KINGDOM,1,218.55,15.0,218.55,1,5,2,152,8,New Customers,1,218.7387999999997,0,9.04584017352823e-06,Low
17768.0,2009-12-02,1,408.07,0,1,408.07,532,2009-12-02,32,31,UNITED KINGDOM,0,408.07,30.0,408.07,3,5,4,354,12,Loyal Customers,2,409.8433999999999,0,9.04584017352823e-06,Low
17804.0,2009-12-01,1,124.95,1,1,124.95,92,2009-12-01,32,32,UNITED KINGDOM,1,124.95,15.0,124.95,1,5,1,151,7,New Customers,1,126.3431,1,0.9999667534416591,High
17818.0,2009-12-02,1,130.18,0,1,130.18,90,2009-12-02,46,42,UNITED KINGDOM,0,130.18,30.0,130.18,3,5,1,351,9,Potential Loyalists,2,129.68630000000016,1,0.9999667534416591,High
17865.0,2009-12-01,1,589.33,1,1,589.33,379,2009-12-01,26,26,UNITED KINGDOM,1,589.33,15.0,589.33,1,5,4,154,10,Potential Loyalists,1,589.6568000000007,0,9.04584017352823e-06,Low
17867.0,2009-12-02,1,85.95,0,1,85.95,17,2009-12-02,10,10,UNITED KINGDOM,0,85.95,30.0,85.95,3,5,1,351,9,Potential Loyalists,2,87.22079999999994,1,0.9999667534416591,High
17909.0,2009-12-02,1,132.55,0,1,132.55,41,2009-12-02,9,8,UNITED KINGDOM,0,132.55,30.0,132.55,3,5,1,351,9,Potential Loyalists,2,129.71840000000014,1,0.9999667534416591,High
17949.0,2009-12-02,3,1866.0,0,3,1866.0,950,2009-12-02,3,3,UNITED KINGDOM,0,622.0,90.0,5598.0,3,5,5,355,13,Champions,5,1591.7409999999998,0,9.04584017352823e-06,Low
17961.0,2009-12-01,1,2.1,1,1,2.1,1,2009-12-01,1,1,UNITED KINGDOM,1,2.1,15.0,2.1,1,5,1,151,7,New Customers,1,4.661100000000003,1,0.9999667534416591,High
17984.0,2009-12-01,1,229.46,1,1,229.46,212,2009-12-01,50,45,UNITED KINGDOM,1,229.46,15.0,229.46,1,5,2,152,8,New Customers,1,228.92499999999953,0,9.04584017352823e-06,Low
17998.0,2009-12-02,2,319.19,0,2,319.19,290,2009-12-01,50,49,UNITED KINGDOM,1,159.595,30.0,638.38,3,5,3,353,11,Loyal Customers,0,258.27539999999976,0,9.04584017352823e-06,Low
18037.0,2009-12-01,1,21.95,1,1,21.95,1,2009-12-01,1,1,UNITED KINGDOM,1,21.95,15.0,21.95,1,5,1,151,7,New Customers,1,19.611600000000013,1,0.9999667534416591,High
18087.0,2009-12-01,2,394.74,1,2,394.74,118,2009-12-01,6,6,UNITED KINGDOM,1,197.37,30.0,789.48,1,5,4,154,10,Potential Loyalists,0,343.26350000000036,0,9.04584017352823e-06,Low
18102.0,2009-12-01,1,2286.24,1,1,2286.24,826,2009-12-01,17,17,UNITED KINGDOM,1,2286.24,15.0,2286.24,1,5,5,155,11,Loyal Customers,4,2525.127199999997,0,9.04584017352823e-06,Low
18108.0,2009-12-02,1,493.25,0,1,493.25,165,2009-12-02,26,26,UNITED KINGDOM,0,493.25,30.0,493.25,3,5,4,354,12,Loyal Customers,2,503.10380000000026,0,9.04584017352823e-06,Low
